source_commit	split_or_mode	task_id	task_key	relative_task_path	task_meta_present	task_meta_parse_status	task_meta_duplicate_keys	task_meta_field_paths	task_meta_type_map	target_en_present	target_en_char_count	target_zh_present	target_zh_char_count	score_rule_present	task_type_declared	raw_dir_present	raw_file_count	raw_file_types	raw_paths	expected_dir_present	expected_file_count	expected_file_types	expected_paths	eval_py_present	eval_ast_parse_status	eval_line_count	generator_present	multi_input	multi_output	task_id_occurrences_all_modes	duplicate_id_scope	raw_expected_byte_equal_pairs	raw_expected_parsed_equal_pairs	derived_raw_filename_hints	notes
f023ec4b754555000a659b93fd514645c55e3cec	NL2Dag	T0001	NL2Dag/T0001_dirty_words_length_filter_space_removal	NL2Dag/T0001_dirty_words_length_filter_space_removal	true	OK		$|$.target_en|$.target_zh	$:object|$.target_en:string|$.target_zh:string	true	391	true	128	false		true	1	.jsonl	raw/customers.jsonl	true	1	.jsonl	expected/gt.jsonl	true	OK	56	true	false	false	2	across_modes				
f023ec4b754555000a659b93fd514645c55e3cec	NL2Dag	T0002	NL2Dag/T0002_jsonl_trim_spaces_dedupe_by_id_latest_updatetime	NL2Dag/T0002_jsonl_trim_spaces_dedupe_by_id_latest_updatetime	true	OK		$|$.target_en|$.target_zh	$:object|$.target_en:string|$.target_zh:string	true	764	true	356	false		true	1	.csv	raw/customers.csv	true	1	.csv	expected/gt.csv	true	OK	94	true	false	false	2	across_modes				directory_name_jsonl_but_raw_expected_csv
f023ec4b754555000a659b93fd514645c55e3cec	NL2Dag	T0003	NL2Dag/T0003_latex_filter_length_filter_non_english_filter	NL2Dag/T0003_latex_filter_length_filter_non_english_filter	true	OK		$|$.target_en|$.target_zh	$:object|$.target_en:string|$.target_zh:string	true	320	true	109	false		true	1	.jsonl	raw/customers.jsonl	true	1	.jsonl	expected/gt.jsonl	true	OK	64	true	false	false	2	across_modes				
f023ec4b754555000a659b93fd514645c55e3cec	NL2Dag	T0004	NL2Dag/T0004_dedup_bad_words_length_filter	NL2Dag/T0004_dedup_bad_words_length_filter	true	OK		$|$.target_en|$.target_zh	$:object|$.target_en:string|$.target_zh:string	true	1630	true	1006	false		true	1	.csv	raw/customers.csv	true	1	.csv	expected/gt.csv	true	OK	208	true	false	false	2	across_modes				
f023ec4b754555000a659b93fd514645c55e3cec	NL2Dag	T0005	NL2Dag/T0005_jsonl_filter_url_then_english_only	NL2Dag/T0005_jsonl_filter_url_then_english_only	true	OK		$|$.target_en|$.target_zh	$:object|$.target_en:string|$.target_zh:string	true	750	true	414	false		true	1	.jsonl	raw/customers.jsonl	true	1	.jsonl	expected/gt.jsonl	true	OK	131	true	false	false	2	across_modes				
f023ec4b754555000a659b93fd514645c55e3cec	NL2Dag	T0006	NL2Dag/T0006_jsonl_remove_repeated_words_then_minhash_dedupe	NL2Dag/T0006_jsonl_remove_repeated_words_then_minhash_dedupe	true	OK		$|$.target_en|$.target_zh	$:object|$.target_en:string|$.target_zh:string	true	503	true	161	false		true	1	.csv	raw/customers.csv	true	1	.csv	expected/gt.csv	true	OK	201	true	false	false	2	across_modes				directory_name_jsonl_but_raw_expected_csv
f023ec4b754555000a659b93fd514645c55e3cec	NL2Dag	T0007	NL2Dag/T0007_non_text_filter_blank_removal_dirty_words_dedup	NL2Dag/T0007_non_text_filter_blank_removal_dirty_words_dedup	true	OK		$|$.target_en|$.target_zh	$:object|$.target_en:string|$.target_zh:string	true	500	true	228	false		true	1	.jsonl	raw/customers.jsonl	true	1	.jsonl	expected/gt.jsonl	true	OK	99	true	false	false	2	across_modes				
f023ec4b754555000a659b93fd514645c55e3cec	NL2Dag	T0008	NL2Dag/T0008_empty_filter_idc_filter	NL2Dag/T0008_empty_filter_idc_filter	true	OK		$|$.target_en|$.target_zh	$:object|$.target_en:string|$.target_zh:string	true	223	true	60	false		true	1	.jsonl	raw/customers.jsonl	true	1	.jsonl	expected/gt.jsonl	true	OK	99	true	false	false	2	across_modes				
f023ec4b754555000a659b93fd514645c55e3cec	NL2Dag	T0009	NL2Dag/T0009_jsonl_clean_triple_spaces_urls_non_english	NL2Dag/T0009_jsonl_clean_triple_spaces_urls_non_english	true	OK		$|$.target_en|$.target_zh	$:object|$.target_en:string|$.target_zh:string	true	1122	true	571	false		true	1	.csv	raw/customers.csv	true	1	.csv	expected/gt.csv	true	OK	111	true	false	false	2	across_modes				directory_name_jsonl_but_raw_expected_csv
f023ec4b754555000a659b93fd514645c55e3cec	NL2Dag	T0010	NL2Dag/T0010_csv_standardize_contacts_format_numbers_row_dedupe	NL2Dag/T0010_csv_standardize_contacts_format_numbers_row_dedupe	true	OK		$|$.target_en|$.target_zh	$:object|$.target_en:string|$.target_zh:string	true	1006	true	463	false		true	1	.csv	raw/customers.csv	true	1	.csv	expected/gt.csv	true	OK	243	true	false	false	2	across_modes				
f023ec4b754555000a659b93fd514645c55e3cec	NL2Dag	T0011	NL2Dag/T0011_reptition_blank_dirty_length_minhash	NL2Dag/T0011_reptition_blank_dirty_length_minhash	true	OK		$|$.target_en|$.target_zh	$:object|$.target_en:string|$.target_zh:string	true	506	true	276	false		true	1	.jsonl	raw/customers.jsonl	true	1	.jsonl	expected/gt.jsonl	true	OK	99	true	false	false	2	across_modes				
f023ec4b754555000a659b93fd514645c55e3cec	NL2Dag	T0013	NL2Dag/T0013_jsonl_dedupe_by_id_then_spaces_then_minhash	NL2Dag/T0013_jsonl_dedupe_by_id_then_spaces_then_minhash	true	OK		$|$.target_en|$.target_zh	$:object|$.target_en:string|$.target_zh:string	true	903	true	413	false		true	1	.csv	raw/customers.csv	true	1	.csv	expected/gt.csv	true	OK	253	true	false	false	2	across_modes				directory_name_jsonl_but_raw_expected_csv
f023ec4b754555000a659b93fd514645c55e3cec	NL2Dag	T0014	NL2Dag/T0014_date_format_dedup	NL2Dag/T0014_date_format_dedup	true	OK		$|$.target_en|$.target_zh	$:object|$.target_en:string|$.target_zh:string	true	389	true	125	false		true	1	.csv	raw/customers.csv	true	1	.csv	expected/gt.csv	true	OK	78	true	false	false	1	none				
f023ec4b754555000a659b93fd514645c55e3cec	NL2Dag	T0015	NL2Dag/T0015_jsonl_deep_purify_url_english_spaces_minhash	NL2Dag/T0015_jsonl_deep_purify_url_english_spaces_minhash	true	OK		$|$.target_en|$.target_zh	$:object|$.target_en:string|$.target_zh:string	true	265	true	86	false		true	1	.jsonl	raw/customers.jsonl	true	1	.jsonl	expected/gt.jsonl	true	OK	139	true	false	false	1	none				
f023ec4b754555000a659b93fd514645c55e3cec	NL2Dag	T0016	NL2Dag/T0016_ipv4_date_dedup	NL2Dag/T0016_ipv4_date_dedup	true	OK		$|$.target_en|$.target_zh	$:object|$.target_en:string|$.target_zh:string	true	490	true	193	false		true	1	.csv	raw/customers.csv	true	1	.csv	expected/gt.csv	true	OK	298	true	false	false	2	across_modes				
f023ec4b754555000a659b93fd514645c55e3cec	NL2Dag	T0017	NL2Dag/T0017_jsonl_remove_repeated_words_spaces_idlatest_minhash	NL2Dag/T0017_jsonl_remove_repeated_words_spaces_idlatest_minhash	true	OK		$|$.target_en|$.target_zh	$:object|$.target_en:string|$.target_zh:string	true	315	true	103	false		true	1	.jsonl	raw/customers.jsonl	true	1	.jsonl	expected/gt.jsonl	true	OK	131	true	false	false	2	across_modes				
f023ec4b754555000a659b93fd514645c55e3cec	NL2Dag	T0018	NL2Dag/T0018_height_currency	NL2Dag/T0018_height_currency	true	OK		$|$.target_en|$.target_zh	$:object|$.target_en:string|$.target_zh:string	true	184	true	78	false		true	1	.csv	raw/customers.csv	true	1	.csv	expected/gt.csv	true	OK	64	true	false	false	2	across_modes				
f023ec4b754555000a659b93fd514645c55e3cec	NL2Dag	T0019	NL2Dag/T0019_jsonl_five_step_url_repeatwords_spaces_minhash_idlatest	NL2Dag/T0019_jsonl_five_step_url_repeatwords_spaces_minhash_idlatest	true	OK		$|$.target_en|$.target_zh	$:object|$.target_en:string|$.target_zh:string	true	240	true	82	false		true	1	.jsonl	raw/customers.jsonl	true	1	.jsonl	expected/gt.jsonl	true	OK	82	true	false	false	1	none				
f023ec4b754555000a659b93fd514645c55e3cec	NL2Dag	T0020	NL2Dag/T0020_csv_contacts_standardize_merge_by_composite_key	NL2Dag/T0020_csv_contacts_standardize_merge_by_composite_key	true	OK		$|$.target_en|$.target_zh	$:object|$.target_en:string|$.target_zh:string	true	317	true	136	false		true	1	.csv	raw/customers.csv	true	1	.csv	expected/gt.csv	true	OK	74	true	false	false	2	across_modes				
f023ec4b754555000a659b93fd514645c55e3cec	NL2Dag	T0021	NL2Dag/T0021_firmware_version_dedup	NL2Dag/T0021_firmware_version_dedup	true	OK		$|$.target_en|$.target_zh	$:object|$.target_en:string|$.target_zh:string	true	262	true	114	false		true	1	.jsonl	raw/customers.jsonl	true	1	.jsonl	expected/gt.jsonl	true	OK	99	true	false	false	1	none				
f023ec4b754555000a659b93fd514645c55e3cec	NL2Dag	T0022	NL2Dag/T0022_csv_format_text_numbers_then_row_dedupe	NL2Dag/T0022_csv_format_text_numbers_then_row_dedupe	true	OK		$|$.target_en|$.target_zh	$:object|$.target_en:string|$.target_zh:string	true	344	true	106	false		true	1	.csv	raw/customers.csv	true	1	.csv	expected/gt.csv	true	OK	261	true	false	false	2	across_modes				
f023ec4b754555000a659b93fd514645c55e3cec	NL2Dag	T0023	NL2Dag/T0023_digits_dedup_mutilkey_dedup	NL2Dag/T0023_digits_dedup_mutilkey_dedup	true	OK		$|$.target_en|$.target_zh	$:object|$.target_en:string|$.target_zh:string	true	414	true	135	false		true	1	.csv	raw/customers.csv	true	1	.csv	expected/gt.csv	true	OK	88	true	false	false	2	across_modes				
f023ec4b754555000a659b93fd514645c55e3cec	NL2Dag	T0024	NL2Dag/T0024_jsonl_light_cleanup_spaces_then_repeatwords	NL2Dag/T0024_jsonl_light_cleanup_spaces_then_repeatwords	true	OK		$|$.target_en|$.target_zh	$:object|$.target_en:string|$.target_zh:string	true	301	true	95	false		true	1	.csv	raw/customers.csv	true	1	.csv	expected/gt.csv	true	OK	215	true	false	false	2	across_modes				directory_name_jsonl_but_raw_expected_csv
f023ec4b754555000a659b93fd514645c55e3cec	NL2Dag	T0027	NL2Dag/T0027_repetition_dirty_dedup	NL2Dag/T0027_repetition_dirty_dedup	true	OK		$|$.target_en|$.target_zh	$:object|$.target_en:string|$.target_zh:string	true	427	true	227	false		true	1	.jsonl	raw/customers.jsonl	true	1	.jsonl	expected/gt.jsonl	true	OK	99	true	false	false	1	none				
f023ec4b754555000a659b93fd514645c55e3cec	NL2Dag	T0028	NL2Dag/T0028_csv_contacts_adv_govern_standardize_numbers_composite_merge	NL2Dag/T0028_csv_contacts_adv_govern_standardize_numbers_composite_merge	true	OK		$|$.target_en|$.target_zh	$:object|$.target_en:string|$.target_zh:string	true	395	true	210	false		true	1	.csv	raw/customers.csv	true	1	.csv	expected/gt.csv	true	OK	54	true	false	false	1	none				
f023ec4b754555000a659b93fd514645c55e3cec	NL2Dag	T0034	NL2Dag/T0034_jsonl_strip_html_decode_remove_emoji_filter_blocklist_output_pipe03	NL2Dag/T0034_jsonl_strip_html_decode_remove_emoji_filter_blocklist_output_pipe03	true	OK		$|$.target_en|$.target_zh	$:object|$.target_en:string|$.target_zh:string	true	381	true	225	false		true	1	.jsonl	raw/customers.jsonl	true	1	.jsonl	expected/gt.jsonl	true	OK	121	true	false	false	1	none				
f023ec4b754555000a659b93fd514645c55e3cec	NL2Dag	T0035	NL2Dag/T0035_url_english_words_dedup	NL2Dag/T0035_url_english_words_dedup	true	OK		$|$.target_en|$.target_zh	$:object|$.target_en:string|$.target_zh:string	true	470	true	180	false		true	1	.jsonl	raw/customers.jsonl	true	1	.jsonl	expected/gt.jsonl	true	OK	99	true	false	false	1	none				
f023ec4b754555000a659b93fd514645c55e3cec	NL2Dag	T0038	NL2Dag/T0038_dates_dedup	NL2Dag/T0038_dates_dedup	true	OK		$|$.target_en|$.target_zh	$:object|$.target_en:string|$.target_zh:string	true	628	true	269	false		true	1	.csv	raw/customers.csv	true	1	.csv	expected/gt.csv	true	OK	77	true	false	false	1	none				
f023ec4b754555000a659b93fd514645c55e3cec	NL2Dag	T0039	NL2Dag/T0039_jsonl_filter_blocklist_strip_html_expand_contractions_output_pipe05	NL2Dag/T0039_jsonl_filter_blocklist_strip_html_expand_contractions_output_pipe05	true	OK		$|$.target_en|$.target_zh	$:object|$.target_en:string|$.target_zh:string	true	583	true	324	false		true	1	.jsonl	raw/customers.jsonl	true	1	.jsonl	expected/gt.jsonl	true	OK	87	true	false	false	2	across_modes				
f023ec4b754555000a659b93fd514645c55e3cec	NL2Dag	T0040	NL2Dag/T0040_bullet_symbol_bad_words	NL2Dag/T0040_bullet_symbol_bad_words	true	OK		$|$.target_en|$.target_zh	$:object|$.target_en:string|$.target_zh:string	true	398	true	197	false		true	1	.jsonl	raw/customers.jsonl	true	1	.jsonl	expected/gt.jsonl	true	OK	62	true	false	false	1	none				
f023ec4b754555000a659b93fd514645c55e3cec	NL2Dag	T0041	NL2Dag/T0041_jsonl_pipeline_html_latex_contractions_emoji_blocklist_fingerprint_dedupe_pipe07	NL2Dag/T0041_jsonl_pipeline_html_latex_contractions_emoji_blocklist_fingerprint_dedupe_pipe07	true	OK		$|$.target_en|$.target_zh	$:object|$.target_en:string|$.target_zh:string	true	430	true	160	false		true	1	.jsonl	raw/customers.jsonl	true	1	.jsonl	expected/gt.jsonl	true	OK	54	true	false	false	1	none				
f023ec4b754555000a659b93fd514645c55e3cec	NL2Dag	T0043	NL2Dag/T0043_jsonl_remove_latex_then_html_then_emoji_fingerprint_dedupe_pipe09	NL2Dag/T0043_jsonl_remove_latex_then_html_then_emoji_fingerprint_dedupe_pipe09	true	OK		$|$.target_en|$.target_zh	$:object|$.target_en:string|$.target_zh:string	true	649	true	239	false		true	1	.jsonl	raw/customers.jsonl	true	1	.jsonl	expected/gt.jsonl	true	OK	126	true	false	false	1	none				
f023ec4b754555000a659b93fd514645c55e3cec	NL2Dag	T0044	NL2Dag/T0044_digits_demical_dedup	NL2Dag/T0044_digits_demical_dedup	true	OK		$|$.target_en|$.target_zh	$:object|$.target_en:string|$.target_zh:string	true	324	true	121	false		true	1	.csv	raw/customers.csv	true	1	.csv	expected/gt.csv	true	OK	82	true	false	false	1	none				
f023ec4b754555000a659b93fd514645c55e3cec	NL2Dag	T0045	NL2Dag/T0045_incremental_merge_customers_jsonl_csv_clean_text_and_upsert_pipe15	NL2Dag/T0045_incremental_merge_customers_jsonl_csv_clean_text_and_upsert_pipe15	true	OK		$|$.target_en|$.target_zh	$:object|$.target_en:string|$.target_zh:string	true	966	true	285	false		true	2	.csv|.jsonl	raw/customer1.csv|raw/customer2.jsonl	true	1	.jsonl	expected/gt.jsonl	true	OK	217	true	true	false	1	none				
f023ec4b754555000a659b93fd514645c55e3cec	NL2Dag	T0046	NL2Dag/T0046_jsonl_filter_empty_text_trim_spaces_censor_profanity	NL2Dag/T0046_jsonl_filter_empty_text_trim_spaces_censor_profanity	true	OK		$|$.target_en|$.target_zh	$:object|$.target_en:string|$.target_zh:string	true	329	true	145	false		true	1	.jsonl	raw/customers.jsonl	true	1	.jsonl	expected/gt.jsonl	true	OK	185	true	false	false	2	across_modes				
f023ec4b754555000a659b93fd514645c55e3cec	NL2Dag	T0047	NL2Dag/T0047_longitude_latitude	NL2Dag/T0047_longitude_latitude	true	OK		$|$.target_en|$.target_zh	$:object|$.target_en:string|$.target_zh:string	true	543	true	268	false		true	1	.csv	raw/customers.csv	true	1	.csv	expected/gt.csv	true	OK	85	true	false	false	2	across_modes				
f023ec4b754555000a659b93fd514645c55e3cec	NL2Dag	T0049	NL2Dag/T0049_jsonl_keep_20_100_words_keep_5_10_sentences_drop_len_gt_1000_filter_symbol_ratio	NL2Dag/T0049_jsonl_keep_20_100_words_keep_5_10_sentences_drop_len_gt_1000_filter_symbol_ratio	true	OK		$|$.target_en|$.target_zh	$:object|$.target_en:string|$.target_zh:string	true	250	true	97	false		true	1	.jsonl	raw/customers.jsonl	true	1	.jsonl	expected/gt.jsonl	true	OK	103	true	false	false	2	across_modes				
f023ec4b754555000a659b93fd514645c55e3cec	NL2Op	T0001	NL2Op/T0001_deduplicate_key	NL2Op/T0001_deduplicate_key	true	OK		$|$.target_en|$.target_zh	$:object|$.target_en:string|$.target_zh:string	true	332	true	167	false		true	1	.jsonl	raw/customers.jsonl	true	1	.jsonl	expected/gt.jsonl	true	OK	68	true	false	false	2	across_modes				
f023ec4b754555000a659b93fd514645c55e3cec	NL2Op	T0002	NL2Op/T0002_language_filter	NL2Op/T0002_language_filter	true	OK		$|$.target_en|$.target_zh	$:object|$.target_en:string|$.target_zh:string	true	291	true	104	false		true	1	.jsonl	raw/customers.jsonl	true	1	.jsonl	expected/gt.jsonl	true	OK	68	true	false	false	2	across_modes				
f023ec4b754555000a659b93fd514645c55e3cec	NL2Op	T0003	NL2Op/T0003_row_level_exact_deduplication	NL2Op/T0003_row_level_exact_deduplication	true	OK		$|$.target_en|$.target_zh	$:object|$.target_en:string|$.target_zh:string	true	272	true	103	false		true	1	.csv	raw/customers.csv	true	1	.csv	expected/gt.csv	true	OK	92	true	false	false	2	across_modes				
f023ec4b754555000a659b93fd514645c55e3cec	NL2Op	T0004	NL2Op/T0004_url_filter	NL2Op/T0004_url_filter	true	OK		$|$.target_en|$.target_zh	$:object|$.target_en:string|$.target_zh:string	true	388	true	170	false		true	1	.jsonl	raw/customers.jsonl	true	1	.jsonl	expected/gt.jsonl	true	OK	69	true	false	false	2	across_modes				
f023ec4b754555000a659b93fd514645c55e3cec	NL2Op	T0005	NL2Op/T0005_composite_key_deduplication	NL2Op/T0005_composite_key_deduplication	true	OK		$|$.target_en|$.target_zh	$:object|$.target_en:string|$.target_zh:string	true	474	true	238	false		true	1	.csv	raw/customers.csv	true	1	.csv	expected/gt.csv	true	OK	104	true	false	false	2	across_modes				
f023ec4b754555000a659b93fd514645c55e3cec	NL2Op	T0006	NL2Op/T0006_remove_blanks_inarow	NL2Op/T0006_remove_blanks_inarow	true	OK		$|$.target_en|$.target_zh	$:object|$.target_en:string|$.target_zh:string	true	354	true	126	false		true	1	.jsonl	raw/customers.jsonl	true	1	.jsonl	expected/gt.jsonl	true	OK	78	true	false	false	2	across_modes				
f023ec4b754555000a659b93fd514645c55e3cec	NL2Op	T0007	NL2Op/T0007_approximate_deduplication	NL2Op/T0007_approximate_deduplication	true	OK		$|$.target_en|$.target_zh	$:object|$.target_en:string|$.target_zh:string	true	330	true	160	false		true	1	.jsonl	raw/customers.jsonl	true	1	.jsonl	expected/gt.jsonl	true	OK	109	true	false	false	2	across_modes				
f023ec4b754555000a659b93fd514645c55e3cec	NL2Op	T0008	NL2Op/T0008_remove_same_words	NL2Op/T0008_remove_same_words	true	OK		$|$.target_en|$.target_zh	$:object|$.target_en:string|$.target_zh:string	true	348	true	127	false		true	1	.jsonl	raw/customers.jsonl	true	1	.jsonl	expected/gt.jsonl	true	OK	70	true	false	false	2	across_modes				
f023ec4b754555000a659b93fd514645c55e3cec	NL2Op	T0009	NL2Op/T0009_normalization_and_deduplication	NL2Op/T0009_normalization_and_deduplication	true	OK		$|$.target_en|$.target_zh	$:object|$.target_en:string|$.target_zh:string	true	613	true	294	false		true	1	.csv	raw/customers.csv	true	1	.csv	expected/gt.csv	true	OK	146	true	false	false	2	across_modes				
f023ec4b754555000a659b93fd514645c55e3cec	NL2Op	T0010	NL2Op/T0010_normalize_numbers	NL2Op/T0010_normalize_numbers	true	OK		$|$.target_en|$.target_zh	$:object|$.target_en:string|$.target_zh:string	true	399	true	121	false		true	2	.csv	raw/customers.csv|raw/formatted_20251202144816.csv	true	1	.csv	expected/gt.csv	true	OK	63	true	true	false	2	across_modes		raw/formatted_20251202144816.csv=expected/gt.csv	raw/formatted_20251202144816.csv	raw_expected_parsed_equivalence_requires_leakage_review;derived_looking_raw_filename_requires_input_contract_review
f023ec4b754555000a659b93fd514645c55e3cec	NL2Op	T0011	NL2Op/T0011_incremental_deduplication	NL2Op/T0011_incremental_deduplication	true	OK		$|$.target_en|$.target_zh	$:object|$.target_en:string|$.target_zh:string	true	1222	true	544	false		true	2	.csv|.jsonl	raw/customers.csv|raw/customers.jsonl	true	1	.jsonl	expected/gt.jsonl	true	OK	141	true	true	false	2	across_modes				
f023ec4b754555000a659b93fd514645c55e3cec	NL2Op	T0013	NL2Op/T0013_nested_set_deduplication	NL2Op/T0013_nested_set_deduplication	true	OK		$|$.target_en|$.target_zh	$:object|$.target_en:string|$.target_zh:string	true	378	true	218	false		true	1	.jsonl	raw/customers.jsonl	true	1	.jsonl	expected/gt.jsonl	true	OK	188	true	false	false	2	across_modes				
f023ec4b754555000a659b93fd514645c55e3cec	NL2Op	T0016	NL2Op/T0016_synonym_field_mapping_deduplication	NL2Op/T0016_synonym_field_mapping_deduplication	true	OK		$|$.target_en|$.target_zh	$:object|$.target_en:string|$.target_zh:string	true	812	true	474	false		true	1	.csv	raw/customers.csv	true	1	.csv	expected/gt.csv	true	OK	178	true	false	false	2	across_modes				
f023ec4b754555000a659b93fd514645c55e3cec	NL2Op	T0017	NL2Op/T0017_remove_html_tags	NL2Op/T0017_remove_html_tags	true	OK		$|$.target_en|$.target_zh	$:object|$.target_en:string|$.target_zh:string	true	305	true	140	false		true	1	.jsonl	raw/customers.jsonl	true	1	.jsonl	expected/gt.jsonl	true	OK	70	true	false	false	2	across_modes				
f023ec4b754555000a659b93fd514645c55e3cec	NL2Op	T0018	NL2Op/T0018_row_fingerprint_sorted_tokens_hash	NL2Op/T0018_row_fingerprint_sorted_tokens_hash	true	OK		$|$.target_en|$.target_zh	$:object|$.target_en:string|$.target_zh:string	true	494	true	248	false		true	1	.jsonl	raw/customers.jsonl	true	1	.jsonl	expected/gt.jsonl	true	OK	151	true	false	false	2	across_modes				
f023ec4b754555000a659b93fd514645c55e3cec	NL2Op	T0020	NL2Op/T0020_cross_column_duplicate_detection	NL2Op/T0020_cross_column_duplicate_detection	true	OK		$|$.target_en|$.target_zh	$:object|$.target_en:string|$.target_zh:string	true	504	true	226	false		true	1	.csv	raw/customers.csv	true	1	.csv	expected/gt.csv	true	OK	123	true	false	false	2	across_modes				
f023ec4b754555000a659b93fd514645c55e3cec	NL2Op	T0022	NL2Op/T0022_graph_entity_edge_dedup	NL2Op/T0022_graph_entity_edge_dedup	true	OK		$|$.target_en|$.target_zh	$:object|$.target_en:string|$.target_zh:string	true	765	true	374	false		true	1	.csv	raw/customers.csv	true	1	.csv	expected/gt.csv	true	OK	145	true	false	false	2	across_modes				
f023ec4b754555000a659b93fd514645c55e3cec	NL2Op	T0023	NL2Op/T0023_array_element_set_unorder_dedup	NL2Op/T0023_array_element_set_unorder_dedup	true	OK		$|$.target_en|$.target_zh	$:object|$.target_en:string|$.target_zh:string	true	833	true	330	false		true	1	.jsonl	raw/customers.jsonl	true	1	.jsonl	expected/gt.jsonl	true	OK	144	true	false	false	2	across_modes				
f023ec4b754555000a659b93fd514645c55e3cec	NL2Op	T0024	NL2Op/T0024_words_num_filter	NL2Op/T0024_words_num_filter	true	OK		$|$.target_en|$.target_zh	$:object|$.target_en:string|$.target_zh:string	true	415	true	138	false		true	1	.jsonl	raw/customers.jsonl	true	1	.jsonl	expected/gt.jsonl	true	OK	68	true	false	false	2	across_modes				
f023ec4b754555000a659b93fd514645c55e3cec	NL2Op	T0026	NL2Op/T0026_sentences_num_filter	NL2Op/T0026_sentences_num_filter	true	OK		$|$.target_en|$.target_zh	$:object|$.target_en:string|$.target_zh:string	true	417	true	136	false		true	1	.jsonl	raw/customers.jsonl	true	1	.jsonl	expected/gt.jsonl	true	OK	68	true	false	false	1	none				
f023ec4b754555000a659b93fd514645c55e3cec	NL2Op	T0029	NL2Op/T0029_empty_text_filter	NL2Op/T0029_empty_text_filter	true	OK		$|$.target_en|$.target_zh	$:object|$.target_en:string|$.target_zh:string	true	329	true	115	false		true	1	.jsonl	raw/customers.jsonl	true	1	.jsonl	expected/gt.jsonl	true	OK	68	true	false	false	1	none				
f023ec4b754555000a659b93fd514645c55e3cec	NL2Op	T0032	NL2Op/T0032_too_many_symbols	NL2Op/T0032_too_many_symbols	true	OK		$|$.target_en|$.target_zh	$:object|$.target_en:string|$.target_zh:string	true	376	true	135	false		true	1	.jsonl	raw/customers.jsonl	true	1	.jsonl	expected/gt.jsonl	true	OK	68	true	false	false	1	none				
f023ec4b754555000a659b93fd514645c55e3cec	NL2Op	T0036	NL2Op/T0036_idcard_filter	NL2Op/T0036_idcard_filter	true	OK		$|$.target_en|$.target_zh	$:object|$.target_en:string|$.target_zh:string	true	370	true	121	false		true	1	.jsonl	raw/customers.jsonl	true	1	.jsonl	expected/gt.jsonl	true	OK	68	true	false	false	1	none				
f023ec4b754555000a659b93fd514645c55e3cec	NL2Op	T0037	NL2Op/T0037_cover_idcard	NL2Op/T0037_cover_idcard	true	OK		$|$.target_en|$.target_zh	$:object|$.target_en:string|$.target_zh:string	true	458	true	143	false		true	1	.jsonl	raw/customers.jsonl	true	1	.jsonl	expected/gt.jsonl	true	OK	78	true	false	false	1	none				
f023ec4b754555000a659b93fd514645c55e3cec	NL2Op	T0039	NL2Op/T0039_cover_email	NL2Op/T0039_cover_email	true	OK		$|$.target_en|$.target_zh	$:object|$.target_en:string|$.target_zh:string	true	395	true	141	false		true	1	.jsonl	raw/customers.jsonl	true	1	.jsonl	expected/gt.jsonl	true	OK	78	true	false	false	2	across_modes				
f023ec4b754555000a659b93fd514645c55e3cec	NL2Op	T0042	NL2Op/T0042_item_symbol_filter	NL2Op/T0042_item_symbol_filter	true	OK		$|$.target_en|$.target_zh	$:object|$.target_en:string|$.target_zh:string	true	351	true	134	false		true	1	.jsonl	raw/customers.jsonl	true	1	.jsonl	expected/gt.jsonl	true	OK	68	true	false	false	1	none				
f023ec4b754555000a659b93fd514645c55e3cec	NL2Op	T0046	NL2Op/T0046_remove_illegal_date	NL2Op/T0046_remove_illegal_date	true	OK		$|$.target_en|$.target_zh	$:object|$.target_en:string|$.target_zh:string	true	269	true	97	false		true	1	.csv	raw/customers.csv	true	1	.csv	expected/gt.csv	true	OK	78	true	false	false	2	across_modes				
f023ec4b754555000a659b93fd514645c55e3cec	NL2Op	T0047	NL2Op/T0047_multi_csv_union	NL2Op/T0047_multi_csv_union	true	OK		$|$.target_en|$.target_zh	$:object|$.target_en:string|$.target_zh:string	true	551	true	241	false		true	2	.csv	raw/customer1.csv|raw/customer2.csv	true	1	.csv	expected/gt.csv	true	OK	94	true	true	false	2	across_modes				
f023ec4b754555000a659b93fd514645c55e3cec	NL2Op	T0048	NL2Op/T0048_normalize_date	NL2Op/T0048_normalize_date	true	OK		$|$.target_en|$.target_zh	$:object|$.target_en:string|$.target_zh:string	true	260	true	102	false		true	1	.csv	raw/customers.csv	true	1	.csv	expected/gt.csv	true	OK	63	true	false	false	1	none				
f023ec4b754555000a659b93fd514645c55e3cec	NL2Op	T0049	NL2Op/T0049_multi_csv_schema_evolution	NL2Op/T0049_multi_csv_schema_evolution	true	OK		$|$.target_en|$.target_zh	$:object|$.target_en:string|$.target_zh:string	true	563	true	210	false		true	2	.csv	raw/customer1.csv|raw/customer2.csv	true	1	.csv	expected/gt.csv	true	OK	136	true	true	false	2	across_modes				
f023ec4b754555000a659b93fd514645c55e3cec	NL2Op	T0050	NL2Op/T0050_remove_illegal_id	NL2Op/T0050_remove_illegal_id	true	OK		$|$.target_en|$.target_zh	$:object|$.target_en:string|$.target_zh:string	true	299	true	148	false		true	1	.csv	raw/customers.csv	true	1	.csv	expected/gt.csv	true	OK	78	true	false	false	1	none				
f023ec4b754555000a659b93fd514645c55e3cec	NL2Op	T0051	NL2Op/T0051_merge_deduplicate	NL2Op/T0051_merge_deduplicate	true	OK		$|$.target_en|$.target_zh	$:object|$.target_en:string|$.target_zh:string	true	581	true	286	false		true	2	.csv	raw/customer1.csv|raw/customer2.csv	true	1	.csv	expected/gt.csv	true	OK	143	true	true	false	1	none				
f023ec4b754555000a659b93fd514645c55e3cec	NL2Op	T0052	NL2Op/T0052_normalize_height	NL2Op/T0052_normalize_height	true	OK		$|$.target_en|$.target_zh	$:object|$.target_en:string|$.target_zh:string	true	301	true	133	false		true	1	.jsonl	raw/customers.jsonl	true	1	.jsonl	expected/gt.jsonl	true	OK	79	true	false	false	1	none				
f023ec4b754555000a659b93fd514645c55e3cec	NL2Op	T0053	NL2Op/T0053_column_split_merge	NL2Op/T0053_column_split_merge	true	OK		$|$.target_en|$.target_zh	$:object|$.target_en:string|$.target_zh:string	true	477	true	214	false		true	1	.csv	raw/customers.csv	true	1	.csv	expected/gt.csv	true	OK	141	true	false	false	1	none				
f023ec4b754555000a659b93fd514645c55e3cec	NL2Op	T0054	NL2Op/T0054_normalize_currency	NL2Op/T0054_normalize_currency	true	OK		$|$.target_en|$.target_zh	$:object|$.target_en:string|$.target_zh:string	true	298	true	167	false		true	1	.jsonl	raw/customers.jsonl	true	1	.jsonl	expected/gt.jsonl	true	OK	78	true	false	false	1	none				
f023ec4b754555000a659b93fd514645c55e3cec	NL2Op	T0055	NL2Op/T0055_partition_by_key_range	NL2Op/T0055_partition_by_key_range	true	OK		$|$.target_en|$.target_zh	$:object|$.target_en:string|$.target_zh:string	true	450	true	249	false		true	1	.csv	raw/customers.csv	true	4	.csv	expected/gt1_0_1000.csv|expected/gt2_1000_5000.csv|expected/gt3_5000_.csv|expected/gt4.csv	true	OK	154	true	false	true	1	none				
f023ec4b754555000a659b93fd514645c55e3cec	NL2Op	T0056	NL2Op/T0056_remove_wrong_lat_lon	NL2Op/T0056_remove_wrong_lat_lon	true	OK		$|$.target_en|$.target_zh	$:object|$.target_en:string|$.target_zh:string	true	332	true	161	false		true	1	.csv	raw/customers.csv	true	1	.csv	expected/gt.csv	true	OK	78	true	false	false	1	none				
f023ec4b754555000a659b93fd514645c55e3cec	NL2Op	T0057	NL2Op/T0057_device_ip_filter	NL2Op/T0057_device_ip_filter	true	OK		$|$.target_en|$.target_zh	$:object|$.target_en:string|$.target_zh:string	true	265	true	123	false		true	1	.csv	raw/customers.csv	true	1	.csv	expected/gt.csv	true	OK	78	true	false	false	1	none				
f023ec4b754555000a659b93fd514645c55e3cec	NL2Op	T0058	NL2Op/T0058_split_by_country_business_line	NL2Op/T0058_split_by_country_business_line	true	OK		$|$.target_en|$.target_zh	$:object|$.target_en:string|$.target_zh:string	true	668	true	403	false		true	1	.csv	raw/customers.csv	true	4	.csv	expected/gt_cn.csv|expected/gt_de.csv|expected/gt_other.csv|expected/gt_us.csv	true	OK	150	true	false	true	1	none				
f023ec4b754555000a659b93fd514645c55e3cec	NL2Op	T0060	NL2Op/T0060_inner_join	NL2Op/T0060_inner_join	true	OK		$|$.target_en|$.target_zh	$:object|$.target_en:string|$.target_zh:string	true	279	true	153	false		true	2	.csv	raw/customer1.csv|raw/customer2.csv	true	1	.csv	expected/gt.csv	true	OK	134	true	true	false	1	none				
f023ec4b754555000a659b93fd514645c55e3cec	NL2Op	T0061	NL2Op/T0061_country_name	NL2Op/T0061_country_name	true	OK		$|$.target_en|$.target_zh	$:object|$.target_en:string|$.target_zh:string	true	281	true	141	false		true	1	.csv	raw/customers.csv	true	1	.csv	expected/gt.csv	true	OK	74	true	false	false	1	none				
f023ec4b754555000a659b93fd514645c55e3cec	NL2Op	T0062	NL2Op/T0062_left_join_and_fill	NL2Op/T0062_left_join_and_fill	true	OK		$|$.target_en|$.target_zh	$:object|$.target_en:string|$.target_zh:string	true	332	true	177	false		true	2	.csv	raw/customer1.csv|raw/customer2.csv	true	1	.csv	expected/gt.csv	true	OK	131	true	true	false	1	none				
f023ec4b754555000a659b93fd514645c55e3cec	NL2Op	T0063	NL2Op/T0063_anti_join	NL2Op/T0063_anti_join	true	OK		$|$.target_en|$.target_zh	$:object|$.target_en:string|$.target_zh:string	true	242	true	108	false		true	2	.csv	raw/customer1.csv|raw/customer2.csv	true	1	.csv	expected/gt.csv	true	OK	114	true	true	false	1	none				
f023ec4b754555000a659b93fd514645c55e3cec	NL2Op	T0064	NL2Op/T0064_date_order	NL2Op/T0064_date_order	true	OK		$|$.target_en|$.target_zh	$:object|$.target_en:string|$.target_zh:string	true	327	true	164	false		true	1	.csv	raw/customers.csv	true	1	.csv	expected/gt.csv	true	OK	78	true	false	false	1	none				
f023ec4b754555000a659b93fd514645c55e3cec	NL2Op	T0065	NL2Op/T0065_seat_num	NL2Op/T0065_seat_num	true	OK		$|$.target_en|$.target_zh	$:object|$.target_en:string|$.target_zh:string	true	315	true	140	false		true	1	.csv	raw/customers.csv	true	1	.csv	expected/gt.csv	true	OK	78	true	false	false	1	none				
f023ec4b754555000a659b93fd514645c55e3cec	NL2Op	T0066	NL2Op/T0066_semi_join	NL2Op/T0066_semi_join	true	OK		$|$.target_en|$.target_zh	$:object|$.target_en:string|$.target_zh:string	true	290	true	147	false		true	2	.csv	raw/customers1.csv|raw/customers2.csv	true	1	.csv	expected/gt.csv	true	OK	117	true	true	false	1	none				
f023ec4b754555000a659b93fd514645c55e3cec	NL2Op	T0067	NL2Op/T0067_composite_key_join	NL2Op/T0067_composite_key_join	true	OK		$|$.target_en|$.target_zh	$:object|$.target_en:string|$.target_zh:string	true	391	true	212	false		true	2	.csv	raw/customer1.csv|raw/customer2.csv	true	1	.csv	expected/gt.csv	true	OK	114	true	true	false	1	none				
f023ec4b754555000a659b93fd514645c55e3cec	NL2Op	T0069	NL2Op/T0069_nearest_timestamp_join	NL2Op/T0069_nearest_timestamp_join	true	OK		$|$.target_en|$.target_zh	$:object|$.target_en:string|$.target_zh:string	true	547	true	237	false		true	2	.csv	raw/customer1.csv|raw/customer2.csv	true	1	.csv	expected/gt.csv	true	OK	88	true	true	false	1	none				
f023ec4b754555000a659b93fd514645c55e3cec	NL2Op	T0072	NL2Op/T0072_outlier_correction	NL2Op/T0072_outlier_correction	true	OK		$|$.target_en|$.target_zh	$:object|$.target_en:string|$.target_zh:string	true	1064	true	505	false		true	1	.csv	raw/customers.csv	true	1	.csv	expected/gt.csv	true	OK	57	true	false	false	1	none				
f023ec4b754555000a659b93fd514645c55e3cec	NL2Op	T0073	NL2Op/T0073_bloodpressure_outlier	NL2Op/T0073_bloodpressure_outlier	true	OK		$|$.target_en|$.target_zh	$:object|$.target_en:string|$.target_zh:string	true	987	true	521	false		true	1	.csv	raw/customers.csv	true	1	.csv	expected/gt.csv	true	OK	62	true	false	false	1	none				
f023ec4b754555000a659b93fd514645c55e3cec	NL2Op	T0074	NL2Op/T0074_wide_table_construction	NL2Op/T0074_wide_table_construction	true	OK		$|$.target_en|$.target_zh	$:object|$.target_en:string|$.target_zh:string	true	512	true	279	false		true	3	.csv	raw/clicks.csv|raw/orders.csv|raw/users.csv	true	1	.csv	expected/gt.csv	true	OK	105	true	true	false	1	none				
f023ec4b754555000a659b93fd514645c55e3cec	NL2Op	T0076	NL2Op/T0076_unpivot	NL2Op/T0076_unpivot	true	OK		$|$.target_en|$.target_zh	$:object|$.target_en:string|$.target_zh:string	true	526	true	267	false		true	1	.csv	raw/customers.csv	true	1	.csv	expected/gt.csv	true	OK	90	true	false	false	1	none				
f023ec4b754555000a659b93fd514645c55e3cec	NL2Op	T0077	NL2Op/T0077_age_outlier	NL2Op/T0077_age_outlier	true	OK		$|$.target_en|$.target_zh	$:object|$.target_en:string|$.target_zh:string	true	401	true	175	false		true	1	.jsonl	raw/customers.jsonl	true	1	.jsonl	expected/gt.jsonl	true	OK	68	true	false	false	1	none				
f023ec4b754555000a659b93fd514645c55e3cec	NL2Op	T0078	NL2Op/T0078_window_function_ranking	NL2Op/T0078_window_function_ranking	true	OK		$|$.target_en|$.target_zh	$:object|$.target_en:string|$.target_zh:string	true	305	true	155	false		true	1	.csv	raw/customers.csv	true	1	.csv	expected/gt.csv	true	OK	105	true	false	false	1	none				
f023ec4b754555000a659b93fd514645c55e3cec	NL2Op	T0079	NL2Op/T0079_consumption_spike	NL2Op/T0079_consumption_spike	true	OK		$|$.target_en|$.target_zh	$:object|$.target_en:string|$.target_zh:string	true	384	true	160	false		true	1	.csv	raw/customers.csv	true	1	.csv	expected/gt.csv	true	OK	54	true	false	false	1	none				
f023ec4b754555000a659b93fd514645c55e3cec	NL2Op	T0080	NL2Op/T0080_multi_source_conflict_resolution	NL2Op/T0080_multi_source_conflict_resolution	true	OK		$|$.target_en|$.target_zh	$:object|$.target_en:string|$.target_zh:string	true	896	true	397	false		true	2	.csv	raw/customer1.csv|raw/customer2.csv	true	1	.csv	expected/gt.csv	true	OK	91	true	true	false	1	none				
f023ec4b754555000a659b93fd514645c55e3cec	NL2Op	T0082	NL2Op/T0082_mean_imputation_for_missing_columns	NL2Op/T0082_mean_imputation_for_missing_columns	true	OK		$|$.target_en|$.target_zh	$:object|$.target_en:string|$.target_zh:string	true	320	true	120	false		true	1	.csv	raw/customers.csv	true	1	.csv	expected/gt.csv	true	OK	126	true	false	false	1	none				
f023ec4b754555000a659b93fd514645c55e3cec	NL2Op	T0084	NL2Op/T0084_median_imputation_for_missing_columns	NL2Op/T0084_median_imputation_for_missing_columns	true	OK		$|$.target_en|$.target_zh	$:object|$.target_en:string|$.target_zh:string	true	315	true	116	false		true	1	.csv	raw/customers.csv	true	1	.csv	expected/gt.csv	true	OK	101	true	false	false	1	none				
f023ec4b754555000a659b93fd514645c55e3cec	NL2Op	T0086	NL2Op/T0086_mode_imputation_for_missing_columns	NL2Op/T0086_mode_imputation_for_missing_columns	true	OK		$|$.target_en|$.target_zh	$:object|$.target_en:string|$.target_zh:string	true	310	true	114	false		true	1	.csv	raw/customers.csv	true	1	.csv	expected/gt.csv	true	OK	102	true	false	false	1	none				
f023ec4b754555000a659b93fd514645c55e3cec	NL2Op	T0087	NL2Op/T0087_linear_interpolation_for_missing_columns	NL2Op/T0087_linear_interpolation_for_missing_columns	true	OK		$|$.target_en|$.target_zh	$:object|$.target_en:string|$.target_zh:string	true	247	true	86	false		true	2	.csv	raw/customers.csv|raw/interpolated_dataframe.csv	true	1	.csv	expected/gt.csv	true	OK	108	true	true	false	1	none			raw/interpolated_dataframe.csv	derived_looking_raw_filename_requires_input_contract_review
f023ec4b754555000a659b93fd514645c55e3cec	NL2Op	T0088	NL2Op/T0088_window_avg_imputation	NL2Op/T0088_window_avg_imputation	true	OK		$|$.score_rule|$.target_en|$.target_zh	$:object|$.score_rule:string|$.target_en:string|$.target_zh:string	true	845	true	317	true		true	1	.csv	raw/customers.csv	true	1	.csv	expected/gt.csv	true	OK	60	true	false	false	1	none				
f023ec4b754555000a659b93fd514645c55e3cec	NL2Op	T0089	NL2Op/T0089_cubic_spline_interpolation_for_missing_columns	NL2Op/T0089_cubic_spline_interpolation_for_missing_columns	true	OK		$|$.target_en|$.target_zh	$:object|$.target_en:string|$.target_zh:string	true	279	true	112	false		true	1	.csv	raw/customers.csv	true	1	.csv	expected/gt.csv	true	OK	99	true	false	false	1	none				
f023ec4b754555000a659b93fd514645c55e3cec	NL2Op	T0091	NL2Op/T0091_knn_imputation_for_missing_columns	NL2Op/T0091_knn_imputation_for_missing_columns	true	OK		$|$.target_en|$.target_zh	$:object|$.target_en:string|$.target_zh:string	true	254	true	100	false		true	1	.csv	raw/customers.csv	true	1	.csv	expected/gt.csv	true	OK	117	true	false	false	1	none				
f023ec4b754555000a659b93fd514645c55e3cec	NL2Op	T0092	NL2Op/T0092_same_symtom_avg	NL2Op/T0092_same_symtom_avg	true	OK		$|$.target_en|$.target_zh	$:object|$.target_en:string|$.target_zh:string	true	697	true	361	false		true	1	.jsonl	raw/customers.jsonl	true	1	.jsonl	expected/gt.jsonl	true	OK	87	true	false	false	1	none				
f023ec4b754555000a659b93fd514645c55e3cec	NL2Op	T0093	NL2Op/T0093_constant_imputation_for_missing_columns	NL2Op/T0093_constant_imputation_for_missing_columns	true	OK		$|$.target_en|$.target_zh	$:object|$.target_en:string|$.target_zh:string	true	226	true	103	false		true	1	.csv	raw/customers.csv	true	1	.csv	expected/gt.csv	true	OK	95	true	false	false	1	none				
f023ec4b754555000a659b93fd514645c55e3cec	NL2Op	T0094	NL2Op/T0094_time_span	NL2Op/T0094_time_span	true	OK		$|$.target_en|$.target_zh	$:object|$.target_en:string|$.target_zh:string	true	457	true	215	false		true	1	.csv	raw/customers.csv	true	1	.csv	expected/gt.csv	true	OK	79	true	false	false	1	none				
f023ec4b754555000a659b93fd514645c55e3cec	NL2Op	T0095	NL2Op/T0095_insert_missing_indicator_column	NL2Op/T0095_insert_missing_indicator_column	true	OK		$|$.target_en|$.target_zh	$:object|$.target_en:string|$.target_zh:string	true	417	true	169	false		true	1	.csv	raw/customers.csv	true	1	.csv	expected/gt.csv	true	OK	100	true	false	false	1	none				
f023ec4b754555000a659b93fd514645c55e3cec	NL2Op	T0096	NL2Op/T0096_payment_method	NL2Op/T0096_payment_method	true	OK		$|$.target_en|$.target_zh	$:object|$.target_en:string|$.target_zh:string	true	395	true	181	false		true	1	.csv	raw/customers.csv	true	1	.csv	expected/gt.csv	true	OK	65	true	false	false	1	none				
f023ec4b754555000a659b93fd514645c55e3cec	NL2Op	T0097	NL2Op/T0097_forward_fill_for_missing_columns	NL2Op/T0097_forward_fill_for_missing_columns	true	OK		$|$.target_en|$.target_zh	$:object|$.target_en:string|$.target_zh:string	true	332	true	146	false		true	1	.csv	raw/customers.csv	true	1	.csv	expected/gt.csv	true	OK	92	true	false	false	1	none				
f023ec4b754555000a659b93fd514645c55e3cec	NL2Op	T0098	NL2Op/T0098_drop_columns_with_high_missing_ratio	NL2Op/T0098_drop_columns_with_high_missing_ratio	true	OK		$|$.target_en|$.target_zh	$:object|$.target_en:string|$.target_zh:string	true	190	true	76	false		true	1	.csv	raw/customers.csv	true	1	.csv	expected/gt.csv	true	OK	118	true	false	false	1	none				
f023ec4b754555000a659b93fd514645c55e3cec	NL2Op	T0101	NL2Op/T0101_schema_matching	NL2Op/T0101_schema_matching	true	OK		$|$.target_en|$.target_zh	$:object|$.target_en:string|$.target_zh:string	true	869	true	246	false		true	2	.csv	raw/customers.csv|raw/orders.csv	true	1	.csv	expected/gt.csv	true	OK	169	false	true	false	1	none				
f023ec4b754555000a659b93fd514645c55e3cec	NL2Op	T0102	NL2Op/T0102_error_detection	NL2Op/T0102_error_detection	true	OK		$|$.target_en|$.target_zh|$.task_type|$.task_type[]	$:object|$.target_en:string|$.target_zh:string|$.task_type:array|$.task_type[]:string	true	1128	true	354	false	Error detection	true	1	.csv	raw/student_score.csv.csv	true	1	.csv	expected/gt.csv	true	OK	131	false	false	false	1	none				
f023ec4b754555000a659b93fd514645c55e3cec	NL2Op	T0103	NL2Op/T0103_column_type_annotation	NL2Op/T0103_column_type_annotation	true	OK		$|$.target_en|$.target_zh|$.task_type|$.task_type[]	$:object|$.target_en:string|$.target_zh:string|$.task_type:array|$.task_type[]:string	true	471	true	151	false	Column type annotation	true	1	.csv	raw/ecommerce_orders.csv	true	1	.csv	expected/gt.csv	true	OK	127	false	false	false	1	none				
f023ec4b754555000a659b93fd514645c55e3cec	NL2Op	T0104	NL2Op/T0104_data_imputation	NL2Op/T0104_data_imputation	true	OK		$|$.target_en|$.target_zh|$.task_type|$.task_type[]	$:object|$.target_en:string|$.target_zh:string|$.task_type:array|$.task_type[]:string	true	546	true	151	false	Data imputation	true	1	.csv	raw/product_inventory.csv	true	1	.csv	expected/gt.csv	true	OK	189	false	false	false	1	none				
f023ec4b754555000a659b93fd514645c55e3cec	NL2Op	T0105	NL2Op/T0105_deduplication	NL2Op/T0105_deduplication	true	OK		$|$.target_en|$.target_zh|$.task_type|$.task_type[]	$:object|$.target_en:string|$.target_zh:string|$.task_type:array|$.task_type[]:string	true	364	true	116	false	Deduplicate	true	1	.csv	raw/customer_feedback.csv	true	1	.csv	expected/gt.csv	true	OK	185	false	false	false	1	none				
f023ec4b754555000a659b93fd514645c55e3cec	NL2Op	T0106	NL2Op/T0106_row2row_transformation	NL2Op/T0106_row2row_transformation	true	OK		$|$.target_en|$.target_zh|$.task_type|$.task_type[]	$:object|$.target_en:string|$.target_zh:string|$.task_type:array|$.task_type[]:string	true	411	true	232	false	Row-to-row transform	true	1	.csv	raw/product.csv	true	1	.csv	expected/gt.csv	true	OK	122	false	false	false	1	none				
f023ec4b754555000a659b93fd514645c55e3cec	NL2Op	T0107	NL2Op/T0107_split_concat	NL2Op/T0107_split_concat	true	OK		$|$.target_en|$.target_zh|$.task_type|$.task_type[]	$:object|$.target_en:string|$.target_zh:string|$.task_type:array|$.task_type[]:string	true	652	true	342	false	Spliting|Concatenation	true	1	.csv	raw/customer.csv	true	1	.csv	expected/gt.csv	true	OK	122	false	false	false	1	none				
f023ec4b754555000a659b93fd514645c55e3cec	NL2Op	T0108	NL2Op/T0108_composite_operation	NL2Op/T0108_composite_operation	true	OK		$|$.target_en|$.target_zh|$.task_type|$.task_type[]	$:object|$.target_en:string|$.target_zh:string|$.task_type:array|$.task_type[]:string	true	697	true	282	false	Filtering|Aggregating|Grouping|Sorting	true	1	.csv	raw/employee.csv	true	1	.csv	expected/gt.csv	true	OK	125	false	false	false	1	none				
f023ec4b754555000a659b93fd514645c55e3cec	NL2Op	T0109	NL2Op/T0109_list_extraction	NL2Op/T0109_list_extraction	true	OK		$|$.target_en|$.target_zh|$.task_type|$.task_type[]	$:object|$.target_en:string|$.target_zh:string|$.task_type:array|$.task_type[]:string	true	977	true	409	false	List extraction	true	1	.csv	raw/purchase.csv	true	1	.csv	expected/gt.csv	true	OK	122	false	false	false	1	none				
f023ec4b754555000a659b93fd514645c55e3cec	NL2Op	T0110	NL2Op/T0110_row_population	NL2Op/T0110_row_population	true	OK		$|$.target_en|$.target_zh|$.task_type|$.task_type[]	$:object|$.target_en:string|$.target_zh:string|$.task_type:array|$.task_type[]:string	true	1798	true	1058	false	Row population	true	1	.csv	raw/product.csv	true	1	.csv	expected/gt.csv	true	OK	149	false	false	false	1	none				
f023ec4b754555000a659b93fd514645c55e3cec	NL2Op	T0111	NL2Op/T0111_column_augmentation	NL2Op/T0111_column_augmentation	true	OK		$|$.target_en|$.target_zh|$.task_type|$.task_type[]	$:object|$.target_en:string|$.target_zh:string|$.task_type:array|$.task_type[]:string	true	1588	true	733	false	Column augmentation	true	1	.csv	raw/book_borrow.csv	true	1	.csv	expected/gt.csv	true	OK	122	false	false	false	1	none				
f023ec4b754555000a659b93fd514645c55e3cec	NL2Op	T0112	NL2Op/T0112_error_correction	NL2Op/T0112_error_correction	true	OK		$|$.target_en|$.target_zh|$.task_type|$.task_type[]	$:object|$.target_en:string|$.target_zh:string|$.task_type:array|$.task_type[]:string	true	787	true	269	false	Error correction	true	1	.csv	raw/orders.csv	true	1	.csv	expected/gt.csv	true	OK	154	false	false	false	1	none				
f023ec4b754555000a659b93fd514645c55e3cec	NL2Op	T0113	NL2Op/T0113_data_imputation_muti	NL2Op/T0113_data_imputation_muti	true	OK		$|$.target_en|$.target_zh|$.task_type|$.task_type[]	$:object|$.target_en:string|$.target_zh:string|$.task_type:array|$.task_type[]:string	true	1262	true	376	false	Data Imputation	true	6	.csv	raw/aux1.csv|raw/aux2.csv|raw/aux3.csv|raw/aux4.csv|raw/aux5.csv|raw/main.csv	true	2	.csv	expected/gt.csv|expected/gt1.csv	true	OK	189	false	true	true	1	none				
f023ec4b754555000a659b93fd514645c55e3cec	NL2Op	T0114	NL2Op/T0114_filter_muti	NL2Op/T0114_filter_muti	true	OK		$|$.target_en|$.target_zh|$.task_type|$.task_type[]	$:object|$.target_en:string|$.target_zh:string|$.task_type:array|$.task_type[]:string	true	976	true	331	false	Filtering	true	4	.csv	raw/aux1.csv|raw/aux2.csv|raw/aux3.csv|raw/main.csv	true	1	.csv	expected/gt.csv	true	OK	122	false	true	false	1	none				
f023ec4b754555000a659b93fd514645c55e3cec	NL2Op	T0115	NL2Op/T0115_sorting	NL2Op/T0115_sorting	true	OK		$|$.target_en|$.target_zh	$:object|$.target_en:string|$.target_zh:string	true	2551	true	904	false		true	1	.csv	raw/input.csv	true	1	.csv	expected/gt.csv	true	OK	278	false	false	false	1	none				
f023ec4b754555000a659b93fd514645c55e3cec	NL2Op	T0116	NL2Op/T0116_error_correction	NL2Op/T0116_error_correction	true	OK		$|$.target_en|$.target_zh	$:object|$.target_en:string|$.target_zh:string	true	1096	true	401	false		true	1	.csv	raw/input.csv	true	1	.csv	expected/gt.csv	true	OK	289	false	false	false	1	none				
f023ec4b754555000a659b93fd514645c55e3cec	NL2Op	T0117	NL2Op/T0117_schema_augmentation	NL2Op/T0117_schema_augmentation	true	OK		$|$.target_en|$.target_zh	$:object|$.target_en:string|$.target_zh:string	true	1223	true	501	false		true	1	.csv	raw/input.csv	true	1	.csv	expected/gt.csv	true	OK	292	false	false	false	1	none				
f023ec4b754555000a659b93fd514645c55e3cec	NL2Op	T0118	NL2Op/T0118_row_to_row_mapping	NL2Op/T0118_row_to_row_mapping	true	OK		$|$.target_en|$.target_zh	$:object|$.target_en:string|$.target_zh:string	true	923	true	364	false		true	1	.csv	raw/input.csv	true	1	.csv	expected/gt.csv	true	OK	289	false	false	false	1	none				
f023ec4b754555000a659b93fd514645c55e3cec	NL2Op	T0119	NL2Op/T0119_row_to_row_standarization	NL2Op/T0119_row_to_row_standarization	true	OK		$|$.target_en|$.target_zh	$:object|$.target_en:string|$.target_zh:string	true	897	true	346	false		true	1	.csv	raw/input.csv	true	1	.csv	expected/gt.csv	true	OK	289	false	false	false	1	none				
f023ec4b754555000a659b93fd514645c55e3cec	NL2Op	T0120	NL2Op/T0120_row_to_row_norm	NL2Op/T0120_row_to_row_norm	true	OK		$|$.target_en|$.target_zh	$:object|$.target_en:string|$.target_zh:string	true	1519	true	559	false		true	1	.csv	raw/input.csv	true	1	.csv	expected/gt.csv	true	OK	289	false	false	false	1	none				
